{
  "2D": 57783.5815804006,
  "3D": 104458.515762329,
  "AssetLib": 9358.004352808,
  "Editor": 554921.818625688,
  "Script": 383322.768707036
}