{
  "2D": 57782.5743505956,
  "3D": 96150.1149485107,
  "AssetLib": 9358.004352808,
  "Editor": 473566.716897725,
  "Script": 310276.023245811
}