{
  "2D": 57782.5743505956,
  "3D": 102281.478725195,
  "AssetLib": 9358.004352808,
  "Editor": 485632.428297757,
  "Script": 316210.370869159
}