{
  "2D": 5.9830002784729,
  "3D": 23924.9789998531,
  "AssetLib": 136.939999818802,
  "Editor": 31947.8919999599,
  "Script": 7880.42400002479
}