{
  "2D": 2575.23429131508,
  "3D": 53906.624820709,
  "AssetLib": 335.965999841691,
  "Editor": 110024.70194292,
  "Script": 53206.8768310546
}