{
  "3D": 3798.99000000954,
  "Editor": 7204.50099992752,
  "Script": 3405.51099991798
}