{
  "2D": 138.153000354767,
  "3D": 27963.4499995708,
  "AssetLib": 335.965999841691,
  "Editor": 65352.798000574,
  "Script": 36915.2290008068
}