{
  "2D": 58698.3305802346,
  "3D": 104851.769762277,
  "AssetLib": 9358.004352808,
  "Editor": 575985.686402796,
  "Script": 403077.581707477
}