{
  "2D": 121.16100025177,
  "3D": 25643.118999958,
  "AssetLib": 318.140999794007,
  "Editor": 42408.8190004825,
  "Script": 16326.3980004787
}