{
  "2D": 57780.5733504297,
  "3D": 93471.4204323288,
  "AssetLib": 9358.004352808,
  "Editor": 461340.751452683,
  "Script": 300730.753317117
}