{
  "2D": 5704.4702911377,
  "3D": 54026.5758206842,
  "AssetLib": 335.965999841691,
  "Editor": 128672.669943094,
  "Script": 68605.6578314304
}