{
  "2D": 131.155000209808,
  "3D": 27180.4529998302,
  "AssetLib": 335.965999841691,
  "Editor": 53993.3670005797,
  "Script": 26345.7930006981
}