{
  "2D": 4.98400020599366,
  "3D": 23727.5099999905,
  "AssetLib": 136.939999818802,
  "Editor": 31745.8519999981,
  "Script": 7876.41799998283
}