{
  "2D": 151.348291397095,
  "3D": 47191.0648202894,
  "AssetLib": 335.965999841691,
  "Editor": 84603.6039435861,
  "Script": 36925.2248320579
}