{
  "2D": 24507.2050206662,
  "3D": 93456.1408689018,
  "AssetLib": 5593.76153969765,
  "Editor": 403166.029629946,
  "Script": 279608.92220068
}