{
  "2D": 141.161291360855,
  "3D": 42444.7588202952,
  "AssetLib": 335.965999841691,
  "Editor": 79847.1109435557,
  "Script": 36925.2248320579
}