{
  "2D": 57780.5733504297,
  "3D": 96009.004948854,
  "AssetLib": 9358.004352808,
  "Editor": 471660.132359027,
  "Script": 308513.562245845
}