{
  "2D": 23122.012020588,
  "3D": 92487.309869289,
  "AssetLib": 5585.77053952217,
  "Editor": 397344.28463006,
  "Script": 276149.192200661
}