{
  "2D": 119.16100025177,
  "3D": 24507.5559997558,
  "AssetLib": 173.43499994278,
  "Editor": 37305.1409997939,
  "Script": 12504.9889998436
}